{"lr": 0.01, "data_time": 0.0006239414215087891, "loss": 1.5882420182228087, "time": 0.30181448459625243, "epoch": 1, "iter": 100, "memory": 2962, "step": 100}
{"accuracy/top1": 62.15596389770508, "data_time": 0.023273842675345286, "time": 0.11196393626076835, "step": 1}
{"lr": 0.01, "data_time": 0.0006134033203125, "loss": 1.1552284240722657, "time": 0.30484535694122317, "epoch": 2, "iter": 210, "memory": 2962, "step": 210}
{"accuracy/top1": 68.80733489990234, "data_time": 0.010011943181355794, "time": 0.09461547533671061, "step": 2}
{"lr": 0.01, "data_time": 0.0006482839584350586, "loss": 0.982566624879837, "time": 0.30394539833068845, "epoch": 3, "iter": 320, "memory": 2962, "step": 320}
{"accuracy/top1": 75.22935485839844, "data_time": 0.010577789942423503, "time": 0.09817694028218588, "step": 3}
{"lr": 0.01, "data_time": 0.0006555557250976562, "loss": 0.7937415838241577, "time": 0.30236210823059084, "epoch": 4, "iter": 430, "memory": 2962, "step": 430}
{"accuracy/top1": 83.25688171386719, "data_time": 0.0148011843363444, "time": 0.09934264818827311, "step": 4}
{"lr": 0.01, "data_time": 0.0006536722183227539, "loss": 0.5089702129364013, "time": 0.3011068820953369, "epoch": 5, "iter": 540, "memory": 2962, "step": 540}
{"accuracy/top1": 83.94495391845703, "data_time": 0.010712941487630209, "time": 0.09409182866414388, "step": 5}
{"lr": 0.01, "data_time": 0.0006460905075073242, "loss": 0.4391640439629555, "time": 0.30106024742126464, "epoch": 6, "iter": 650, "memory": 2962, "step": 650}
{"accuracy/top1": 86.00917053222656, "data_time": 0.01061391830444336, "time": 0.09393545786539713, "step": 6}
{"lr": 0.01, "data_time": 0.0006967544555664063, "loss": 0.5955302476882934, "time": 0.3008949995040894, "epoch": 7, "iter": 760, "memory": 2962, "step": 760}
{"accuracy/top1": 87.61467742919922, "data_time": 0.010767285029093425, "time": 0.09432129859924317, "step": 7}
{"lr": 0.01, "data_time": 0.0006339788436889648, "loss": 0.5072951257228852, "time": 0.3005716323852539, "epoch": 8, "iter": 870, "memory": 2962, "step": 870}
{"accuracy/top1": 81.65137481689453, "data_time": 0.010855484008789062, "time": 0.09438165028889973, "step": 8}
{"lr": 0.01, "data_time": 0.0006370782852172851, "loss": 0.5798700332641602, "time": 0.30071661472320554, "epoch": 9, "iter": 980, "memory": 2962, "step": 980}
{"accuracy/top1": 86.23853302001953, "data_time": 0.01036685307820638, "time": 0.09355719884236653, "step": 9}
{"lr": 0.01, "data_time": 0.0006770133972167969, "loss": 0.5547515824437141, "time": 0.3001845359802246, "epoch": 10, "iter": 1090, "memory": 2962, "step": 1090}
{"accuracy/top1": 86.46788787841797, "data_time": 0.010796467463175455, "time": 0.09384676615397135, "step": 10}
