{"accuracy/top1": 83.41232299804688, "data_time": 0.02500120231083461, "time": 0.22233331203460693}